{"cameraMode":{"drawMode":0,"name":"Shaded","section":"Shading Mode"},"sceneLighting":false,"audioPlay":false,"sceneViewState":{"showFog":true,"showMaterialUpdate":false,"showSkybox":true,"showFlares":true,"showImageEffects":true,"showParticleSystems":true},"in2DMode":false,"pivot":{"x":-18.484766006469728,"y":-18.714197158813478,"z":35.29655838012695},"rotation":{"x":-0.23981279134750367,"y":0.19810238480567933,"z":-0.050059687346220019,"w":-0.9490767121315002},"size":29.687528610229493,"orthographic":false}